eventUri,country,country
eng-8468195,,
eng-8468195,IN,IN
eng-8468195,TH,TH
eng-8468195,IN,IN
eng-8468195,,
eng-8468195,,
eng-8468195,UK,UK
eng-8468195,SG,SG
eng-8468195,USA,USA
eng-8468195,ID,ID
eng-8468195,,
eng-8468195,IN,IN
eng-8468195,,
eng-8468195,ID,ID
eng-8468195,,
eng-8468195,,
eng-8468195,,
eng-8468195,USA,USA
eng-8468195,,
eng-8468195,USA,USA
eng-8468195,TR,TR
eng-8468195,UK,UK
eng-8468195,GG,GG
eng-8468195,,
eng-8468195,,
eng-8468195,IE,IE
eng-8468195,IE,IE
eng-8468195,,
eng-8468195,UK,UK
eng-8468195,UK,UK
eng-8468195,AE,AE
eng-8468195,IN,IN
eng-8468195,IN,IN
eng-8468195,QA,QA
eng-8468195,USA,USA
eng-8468195,CN,CN
eng-8468195,ID,ID
eng-8468195,AE,AE
eng-8468195,DE,DE
eng-8468195,ID,ID
eng-8468195,,
eng-8468195,,
eng-8468195,PH,PH
eng-8468195,,
eng-8468195,UK,UK
eng-8468195,,
eng-8468195,UK,UK
eng-8468195,,
eng-8468195,AE,AE
eng-8468195,,
eng-8468195,,
eng-8468195,,
eng-8468195,,
eng-8468195,EG,EG
eng-8468195,IR,IR
eng-8468195,LK,LK
eng-8468195,,
eng-8468195,,
eng-8468195,USA,USA
eng-8468195,,
eng-8468195,,
eng-8468195,ID,ID
eng-8468195,IN,IN
eng-8468195,,
eng-8468195,,
eng-8468195,,
eng-8468195,NZ,NZ
eng-8468195,,
eng-8468195,USA,USA
eng-8468195,UK,UK
eng-8468195,IN,IN
eng-8468195,,
eng-8468195,,
eng-8468195,USA,USA
eng-8468195,USA,USA
eng-8468195,USA,USA
eng-8468195,USA,USA
eng-8468195,EG,EG
eng-8468195,USA,USA
eng-8468195,USA,USA
eng-8468195,AU,AU
eng-8468195,,
eng-8468195,USA,USA
eng-8468195,,
eng-8468195,MY,MY
eng-8468195,IN,IN
eng-8468195,SG,SG
eng-8468195,,
eng-8468195,,
eng-8468195,,
eng-8468195,USA,USA
eng-8468195,USA,USA
eng-8468195,IN,IN
eng-8468195,AU,AU
eng-8468195,USA,USA
eng-8468195,ID,ID
eng-8468195,USA,USA
eng-8468195,BH,BH
eng-8468195,UK,UK
eng-8468195,USA,USA
eng-8468195,IN,IN
eng-8468195,,
eng-8468195,USA,USA
eng-8468195,,
eng-8468195,JO,JO
eng-8468195,USA,USA
eng-8468195,IN,IN
eng-8468195,ID,ID
eng-8468195,,
eng-8468195,USA,USA
eng-8468195,,
eng-8468195,,
eng-8468195,EG,EG
eng-8468195,,
eng-8468195,USA,USA
eng-8468195,CN,CN
eng-8468195,ID,ID
eng-8468195,IN,IN
eng-8468195,ID,ID
eng-8468195,,
eng-8468195,IN,IN
eng-8468195,FJ,FJ
eng-8468195,,
eng-8468195,,
eng-8468195,,
eng-8468195,MY,MY
eng-8468195,,
eng-8468195,,
eng-8468195,IN,IN
eng-8468195,UK,UK
eng-8468195,,
eng-8468195,,
eng-8468195,USA,USA
